Algorithm,Training_Time
q_learning_0,30.03968906402588
q_learning_1,33.93542218208313
q_learning_2,25.908188343048096
q_learning_3,25.86715078353882
q_learning_4,25.99332594871521
dqn_0,580.6456913948059
dqn_1,635.0836627483368
dqn_2,633.7877817153931
dqn_3,672.8699655532837
dqn_4,624.4694101810455
